"name","idNumber","phoneNumber","farmerCode","kgsLoaded","limit","borrowed","availableLimit","payableAmount","utilizationRate"
"BENARD KIPNGETICH MUTAI","24285534","254720416014","0103837991",163.2,198,1600,0,2157,"808.08%"
"VICOTY CHEPKORIR","33143350","254720243966","01030028",217.9,730,1714,0,3344,"234.79%"
"PENINAH CHELANGAT","36777860","254743271442","0104150471",0,0,0,0,0,"0%"
"GIDEON ROTICH","27963979","254720511440","0103121655",58.6,44,600,0,746,"1363.64%"
"MAY KIPNGENO CHEROGONY","10545926","254722398383","050130077",1750,98,19000,0,21102,"19387.76%"
"RUGUT JEPKOECH VALENTINE","33227723","254700656206","0103127961",347.9,658,3200,0,4832,"486.32%"
"PATRICK CHEPKWONY","29359025","254720562861","0102071529",153.1,188,1500,0,2025,"797.87%"
"GILBERT KIPKIRUI RUGUT","14637734","254724286982","0101046012",658.1,193,7000,0,8099,"3626.94%"
"VIONUS CHEPKURUI KIRUI","11081417","254792372453","0325259050",269,478,2500,0,3707,"523.01%"
"ERICK KIPYEGON","33709575","254704080187","0102093616",730.1,3216,5040,0,11984,"156.72%"
"WESLEY KIPKOECH","30772617","254729447419","0328346589",90,91,900,0,1172,"989.01%"
"MERCY CHEPNGETICH ","39209338","254716619089","4904910008",136.7,2,1490,0,1642,"74500.00%"
"KIRUI KIPROTICH  STENSOLAS","23674321","254721552524","170440013",4602.1,16,50200,0,55220,"313750.00%"
"LINNER CHEPKEMOI TONUI","20601655","254714649408","29530011",382.2,2936,1500,1436,7523,"51.09%"
"ATHUMAN MWINYI ATHUMAN","42248107","254745457592","050140029",91,431,600,0,1524,"139.21%"
"JUDITH CHERONO KOECH","25751985","254714328781","48101240017",2336,6040,20000,0,34071,"331.13%"
"VINCENT KIPYEGON NGENO","38094017","254726521792","0101040342",568.4,3,6195,0,6827,"206500.00%"
"LANGAT SIMION","11298297","254728759992","06220046",109.3,102,1100,0,1413,"1078.43%"
"KIPNGENO BII","23677747","254713885610","02096867",264,1965,1095,870,5130,"55.73%"
"GEOFFREY KIBET LANGAT","22376377","254720670258","0104156116",118.6,4,1290,0,1429,"32250.00%"
"KIPKOECH ENOCK","587375403","254748708991","050130079",244.7,955,1800,0,3893,"188.48%"
"CAROLINE CHEPKEMOI TONUI","21052415","254729150384","0101024846",222.8,22,2410,0,2695,"10954.55%"
"RUTH CHEPKEMOI","10886171","254704594065","03237100357",395,892,3500,0,5629,"392.38%"
"NICHOLAS KIPKIRUI KOECH","28803971","254725236527","0106240703",162,788,1050,0,2733,"133.25%"
"CHEPTOO KEINO","30539839","254723527891","01020400004",58.1,148,500,0,844,"337.84%"
"CHEROTICH PENALYNE","32294148","254705627931","0101061521",50.7,3,550,0,612,"18333.33%"
"KIPNGETICH TARIQUE","705385844","254797068604","050140025",124.8,12,1350,0,1510,"11250.00%"
"ROSE CHELANGAT NGENOH","27181793","254713331596","240360010",74.5,13,800,0,908,"6153.85%"
"DENNIS CHERUIYOT KOECH","39385788","254758226891","0104170256",754.7,3645,4920,0,12699,"134.98%"
"EMMY CHEBET CHIRCHIR","14440308","254711300133","0216532184",157,13,1700,0,1898,"13076.92%"